{
    "google": "google.com",
    "youtube history":"youtube.com/feed/history",
    "youtube your videos":"https://studio.youtube.com/channel/UCuFsEbTgehv-1XN8fUAOgKA/videos",
    "youtube playlist":"https://www.youtube.com/playlist?list=WL",
    "freelancer": "freelancer.com",
    "frontpage": "front.page",
    "front page": "front.page",
    "audio trimmer": "audiotrimmer.com",
    "instagram": "https://www.instagram.com",
    "facebook": "https://www.facebook.com",
    "chat gpt4": "bing.com/chat?q=microsoft+copilot&form=hpcodx&wlexpsignin=1",
    "youtube": "https://www.youtube.com",
    "ocean of games": "oceanofgames.com",
    "fibre": "fiverr.com",
    "pinterest": "https://www.pinterest.com",
    "typing master": "keybr.com",
    "stackoverflow": "stackoverflow.com",
    "maps": "maps.google.com",
    "trading view": "tradingview.com",
    "tradingview": "tradingview.com",
    "tradingview nifty chart": "www.tradingview.com/chart/mewgwjea/?symbol=nse%3anifty",
    "trading view nifty chart": "www.tradingview.com/chart/mewgwjea/?symbol=nse%3anifty",
    "chatgpt": "chat.openai.com",
    "chat gpd": "chat.openai.com",
    "chat gpt": "chat.openai.com",
    "chat gbt": "chat.openai.com",
    "chat gvd": "chat.openai.com",
    "hackerrank": "www.hackerrank.com",
    "sketchfab": "sketchfab.com/feed",
    "wallpapers website": "pxfuel.com",
    "my instagram profile": "instagram.com/himanshudw31",
    "my sketchfab profile": "sketchfab.com/hg9691249617",
    "xvideos": "xvideos88.com",
    "xhamster": "xhamster42.desi",
    "replit": "replit.com",
    "google fonts": "https://fonts.google.com/",
    "bbc": "https://www.bbc.com",
    "cnn": "https://www.cnn.com",
    "new york times": "https://www.nytimes.com",
    "guardian": "https://www.theguardian.com",
    "reuters": "https://www.reuters.com",
    "al jazeera": "https://www.aljazeera.com",
    "fox news": "https://www.foxnews.com",
    "bloomberg": "https://www.bloomberg.com",
    "npr": "https://www.npr.org",
    "usa today": "https://www.usatoday.com",
    "twitter": "https://www.twitter.com",
    "linkedin": "https://www.linkedin.com",
    "tiktok": "https://www.tiktok.com",
    "reddit": "https://www.reddit.com",
    "snapchat": "https://www.snapchat.com",
    "tumblr": "https://www.tumblr.com",
    "quora": "https://www.quora.com",
    "techcrunch": "https://www.techcrunch.com",
    "wired": "https://www.wired.com",
    "verge": "https://www.theverge.com",
    "ars technica": "https://arstechnica.com",
    "cnet": "https://www.cnet.com",
    "gizmodo": "https://www.gizmodo.com",
    "engadget": "https://www.engadget.com",
    "mashable": "https://www.mashable.com",
    "techradar": "https://www.techradar.com",
    "zdnet": "https://www.zdnet.com",
    "imdb": "https://www.imdb.com",
    "rotten tomatoes": "https://www.rottentomatoes.com",
    "netflix": "https://www.netflix.com",
    "hulu": "https://www.hulu.com",
    "disney+": "https://www.disneyplus.com",
    "hbo max": "https://www.hbomax.com",
    "spotify": "https://www.spotify.com",
    "pandora": "https://www.pandora.com",
    "soundcloud": "https://www.soundcloud.com",
    "khan academy": "https://www.khanacademy.org",
    "coursera": "https://www.coursera.org",
    "edx": "https://www.edx.org",
    "udemy": "https://www.udemy.com",
    "duolingo": "https://www.duolingo.com",
    "mit opencourseware": "https://ocw.mit.edu",
    "ted": "https://www.ted.com",
    "codeacademy": "https://www.codecademy.com",
    "lynda (linkedin learning)": "https://www.linkedin.com/learning",
    "academic earth": "https://www.academicearth.org",
    "amazon": "https://www.amazon.com",
    "ebay": "https://www.ebay.com",
    "alibaba": "https://www.alibaba.com",
    "etsy": "https://www.etsy.com",
    "walmart": "https://www.walmart.com",
    "best buy": "https://www.bestbuy.com",
    "target": "https://www.target.com",
    "newegg": "https://www.newegg.com",
    "shopify": "https://www.shopify.com",
    "overstock": "https://www.overstock.com",
    "yahoo finance": "https://finance.yahoo.com",
    "bloomberg markets": "https://www.bloomberg.com/markets",
    "marketwatch": "https://www.marketwatch.com",
    "investopedia": "https://www.investopedia.com",
    "motley fool": "https://www.fool.com",
    "nerdwallet": "https://www.nerdwallet.com",
    "seeking alpha": "https://www.seekingalpha.com",
    "robinhood": "https://www.robinhood.com",
    "coinbase": "https://www.coinbase.com",
    "paypal": "https://www.paypal.com",
    "webmd": "https://www.webmd.com",
    "mayo clinic": "https://www.mayoclinic.org",
    "healthline": "https://www.healthline.com",
    "verywell health": "https://www.verywellhealth.com",
    "nih": "https://www.nih.gov",
    "cdc": "https://www.cdc.gov",
    "fitness blender": "https://www.fitnessblender.com",
    "myfitnesspal": "https://www.myfitnesspal.com",
    "livestrong": "https://www.livestrong.com",
    "men's health": "https://www.menshealth.com",
    "tripadvisor": "https://www.tripadvisor.com",
    "expedia": "https://www.expedia.com",
    "booking.com": "https://www.booking.com",
    "airbnb": "https://www.airbnb.com",
    "kayak": "https://www.kayak.com",
    "lonely planet": "https://www.lonelyplanet.com",
    "skyscanner": "https://www.skyscanner.com",
    "travel + leisure": "https://www.travelandleisure.com",
    "travelocity": "https://www.travelocity.com",
    "orbitz": "https://www.orbitz.com",
    "buzzfeed": "https://www.buzzfeed.com",
    "refinery29": "https://www.refinery29.com",
    "apartment therapy": "https://www.apartmenttherapy.com",
    "goop": "https://www.goop.com",
    "mindbodygreen": "https://www.mindbodygreen.com",
    "kitchn": "https://www.thekitchn.com",
    "food52": "https://www.food52.com",
    "bon appetit": "https://www.bonappetit.com",
    "real simple": "https://www.realsimple.com",
    "popsugar": "https://www.popsugar.com",
    "national geographic": "https://www.nationalgeographic.com",
    "sciencedaily": "https://www.sciencedaily.com",
    "scientific american": "https://www.scientificamerican.com",
    "nature": "https://www.nature.com",
    "new scientist": "https://www.newscientist.com",
    "live science": "https://www.livescience.com",
    "space.com": "https://www.space.com",
    "smithsonian": "https://www.smithsonianmag.com",
    "popular science": "https://www.popsci.com",
    "discover magazine": "https://www.discovermagazine.com"
}