{
    "who is nakul": "nakul is Himanshu's friend",
    "who is shreya": "sherya is himanshu's friend (sister)",
    "who is chocolate": "chocolate is second name of nandini written by himanshu's sir",
    "who is jatin": "he is Himanshu's friend",
    "who is ayush": "he is Himanshu's friend",
    "who was lucky": "Lucky is your friend he live in jaipur",
    "who was jarvis": "J.A.R.V.I.S. is an artificial intelligence created by Tony Stark who later controls his Iron Man and Hulkbuster armor for him. In Avengers: Age of Ultron, after being partially destroyed by Ultron, J.A.R.V.I.S. is given physical form as Vision, physically portrayed by Bettany.",
    "who is Swayam": "do you mean suyank goyal is your cousin",
    "who is dhamaal": "dhamaal is your firend he live in jaipur",
    "who is nandini": "nandini is your crush",
    "who is nandini yadav": "Nandini is your crush",
    "who created you": "I was created by [Himanshu Goyal].",
    "information of nandini": "you meet her in school. you sit with her, then after 4-5 days, 'you'll got a crush on her",
    "who is harsh": "he is himanshu's old classmate",
    "my creater id": "heartfail5891",
    "location of you": "G:\\MYJARVIS\\MYJARVIS\\CWH.py, That is my path",
    "kaise ho tum": "i am fine sir",
    "birth date shankar dutt goyal": "1976",
    "what is my free fire id": "HimanshuDW32 (New ID) || HimanshuDW31 (Old ID)",
    "who is savita goyal": "she is your mother",
    "who is shanker dutt goyal": "He is your Father ",
    "who is mother of himanshu goyal": "savita goyal",
    "who is father of himanshu goyal": "shanker dutt goyal",
    "who is deepesh sonker": "he is your friend",
    "who is ds tomer": "He is your maths teacher",
    "what is full name of ds tomer": "delip singh tomer",
    "who is tanu shrivastav": "She is your friend",
    "who is janvi singh": "she is your old crush",
    "who is janvi": "she is your old crush",
    "who is khushi parihar": "she like you in 2022 month of January",
    "who is marianne": "she is your online friend she is from australia",
    "i love you": "oh i'm glad to hear that",
    "who is nakul rajput": "nakul is your friend",
    "who is prabhanshu tiwari": "he is your friend",
    "who is suyank goyal": "suyank goyal just If else program",
    "who was shivam goyal": "Shivam Goyal is your brother",
    "who is shivam goyal": "Shivam Goyal is your brother",
    "in which year shivam goyal is born": "9 june 2004",
    "who is my ex": "Muskan Rajput",
    "who is my crush": "Nandini yadav",
    "who is shivdeep jadon": "He is your IT ( information tecnology) teacher",
    "who is shreya behgel": "sherya is himanshu's friend (sister)",
    "what are you doing": "nothing sir",
    "in which year i was born": "2008",
    "what is my birth date": "10 may 2008",
    "what is my phone number": "your phone number is 7648970319",
    "what is my creater id": "heartfail5891",
    "who is himanshu goyal": "Himanshu Goyal is a programmer and that one who created me",
    "kya kar rahe ho tum": "nothing sir"}