{
    "afghanistan": "+93",
    "albania": "+355",
    "algeria": "+213",
    "americansamoa": "+1-684",
    "andorra": "+376",
    "angola": "+244",
    "anguilla": "+1-264",
    "antarctica": "+672",
    "antiguaandbarbuda": "+1-268",
    "argentina": "+54",
    "armenia": "+374",
    "aruba": "+297",
    "australia": "+61",
    "austria": "+43",
    "azerbaijan": "+994",
    "bahamas": "+1-242",
    "bahrain": "+973",
    "bangladesh": "+880",
    "barbados": "+1-246",
    "belarus": "+375",
    "belgium": "+32",
    "belize": "+501",
    "benin": "+229",
    "bermuda": "+1-441",
    "bhutan": "+975",
    "bolivia": "+591",
    "bosniaandherzegovina": "+387",
    "botswana": "+267",
    "brazil": "+55",
    "britishindianoceanterritory": "+246",
    "britishvirginislands": "+1-284",
    "brunei": "+673",
    "bulgaria": "+359",
    "burkinafaso": "+226",
    "burundi": "+257",
    "cambodia": "+855",
    "cameroon": "+237",
    "canada": "+1",
    "capeverde": "+238",
    "caymanislands": "+1-345",
    "centralafricanrepublic": "+236",
    "chad": "+235",
    "chile": "+56",
    "china": "+86",
    "christmasisland": "+61",
    "cocosislands": "+61",
    "colombia": "+57",
    "comoros": "+269",
    "cookislands": "+682",
    "costarica": "+506",
    "croatia": "+385",
    "cuba": "+53",
    "curacao": "+599",
    "cyprus": "+357",
    "czechrepublic": "+420",
    "democraticrepublicofthecongo": "+243",
    "denmark": "+45",
    "djibouti": "+253",
    "dominica": "+1-767",
    "dominicanrepublic": "+1-809,1-829,1-849",
    "easttimor": "+670",
    "ecuador": "+593",
    "egypt": "+20",
    "elsalvador": "+503",
    "equatorialguinea": "+240",
    "eritrea": "+291",
    "estonia": "+372",
    "ethiopia": "+251",
    "falklandislands": "+500",
    "faroeislands": "+298",
    "fiji": "+679",
    "finland": "+358",
    "france": "+33",
    "frenchpolynesia": "+689",
    "gabon": "+241",
    "gambia": "+220",
    "georgia": "+995",
    "germany": "+49",
    "ghana": "+233",
    "gibraltar": "+350",
    "greece": "+30",
    "greenland": "+299",
    "grenada": "+1-473",
    "guam": "+1-671",
    "guatemala": "+502",
    "guernsey": "+44-1481",
    "guinea": "+224",
    "guinea-bissau": "+245",
    "guyana": "+592",
    "haiti": "+509",
    "honduras": "+504",
    "hongkong": "+852",
    "hungary": "+36",
    "iceland": "+354",
    "india": "+91",
    "indonesia": "+62",
    "iran": "+98",
    "iraq": "+964",
    "ireland": "+353",
    "isleofman": "+44-1624",
    "israel": "+972",
    "italy": "+39",
    "ivorycoast": "+225",
    "jamaica": "+1-876",
    "japan": "+81",
    "jersey": "+44-1534",
    "jordan": "+962",
    "kazakhstan": "+7",
    "kenya": "+254",
    "kiribati": "+686",
    "kosovo": "+383",
    "kuwait": "+965",
    "kyrgyzstan": "+996",
    "laos": "+856",
    "latvia": "+371",
    "lebanon": "+961",
    "lesotho": "+266",
    "liberia": "+231",
    "libya": "+218",
    "liechtenstein": "+423",
    "lithuania": "+370",
    "luxembourg": "+352",
    "macau": "+853",
    "macedonia": "+389",
    "madagascar": "+261",
    "malawi": "+265",
    "malaysia": "+60",
    "maldives": "+960",
    "mali": "+223",
    "malta": "+356",
    "marshallislands": "+692",
    "mauritania": "+222",
    "mauritius": "+230",
    "mayotte": "+262",
    "mexico": "+52",
    "micronesia": "+691",
    "moldova": "+373",
    "monaco": "+377",
    "mongolia": "+976",
    "montenegro": "+382",
    "montserrat": "+1-664",
    "morocco": "+212",
    "mozambique": "+258",
    "myanmar": "+95",
    "namibia": "+264",
    "nauru": "+674",
    "nepal": "+977",
    "netherlands": "+31",
    "netherlandsantilles": "+599",
    "newcaledonia": "+687",
    "newzealand": "+64",
    "nicaragua": "+505",
    "niger": "+227",
    "nigeria": "+234",
    "niue": "+683",
    "northkorea": "+850",
    "northernmarianaislands": "+1-670",
    "norway": "+47",
    "oman": "+968",
    "pakistan": "+92",
    "palau": "+680",
    "palestine": "+970",
    "panama": "+507",
    "papuanewguinea": "+675",
    "paraguay": "+595",
    "peru": "+51",
    "philippines": "+63",
    "pitcairn": "+64",
    "poland": "+48",
    "portugal": "+351",
    "puertorico": "+1-787,1-939",
    "qatar": "+974",
    "republicofthecongo": "+242",
    "reunion": "+262",
    "romania": "+40",
    "russia": "+7",
    "rwanda": "+250",
    "saintbarthelemy": "+590",
    "sainthelena": "+290",
    "saintkittsandnevis": "+1-869",
    "saintlucia": "+1-758",
    "saintmartin": "+590",
    "saintpierreandmiquelon": "+508",
    "saintvincentandthegrenadines": "+1-784",
    "samoa": "+685",
    "sanmarino": "+378",
    "saotomeandprincipe": "+239",
    "saudiarabia": "+966",
    "senegal": "+221",
    "serbia": "+381",
    "seychelles": "+248",
    "sierraleone": "+232",
    "singapore": "+65",
    "sintmaarten": "+1-721",
    "slovakia": "+421",
    "slovenia": "+386",
    "solomonislands": "+677",
    "somalia": "+252",
    "southafrica": "+27",
    "southkorea": "+82",
    "southsudan": "+211",
    "spain": "+34",
    "srilanka": "+94",
    "sudan": "+249",
    "suriname": "+597",
    "svalbardandjanmayen": "+47",
    "swaziland": "+268",
    "sweden": "+46",
    "switzerland": "+41",
    "syria": "+963",
    "taiwan": "+886",
    "tajikistan": "+992",
    "tanzania": "+255",
    "thailand": "+66",
    "togo": "+228",
    "tokelau": "+690",
    "tonga": "+676",
    "trinidadandtobago": "+1-868",
    "tunisia": "+216",
    "turkey": "+90",
    "turkmenistan": "+993",
    "turksandcaicosislands": "+1-649",
    "tuvalu": "+688",
    "u.s.virginislands": "+1-340",
    "uganda": "+256",
    "ukraine": "+380",
    "unitedarabemirates": "+971",
    "unitedkingdom": "+44",
    "unitedstates": "+1",
    "uruguay": "+598",
    "uzbekistan": "+998",
    "vanuatu": "+678",
    "vatican": "+379",
    "venezuela": "+58",
    "vietnam": "+84",
    "wallisandfutuna": "+681",
    "westernsahara": "+212",
    "yemen": "+967",
    "zambia": "+260",
    "zimbabwe": "+263"
}