{
    "neymar": "F:\\MOVIES\\Neymar.2023.720p.Hindi.WEB-DL.5.1.ESub.x264 - Vegamovies.to.mkv",
    "dampyr": "F:\\MOVIES\\Dampyr.2023.720p.WEB-DL.HIN-ENG.x264.mkv",
    "bloodshot": "F:\\MOVIES\\Bloodshot.2020.720p.BluRay.Hindi.English.Moviesmodpro.mobi.mkv",
    "guardians of the galaxy vol 3": "F:\\MOVIES\\Guardians.of.the.Galaxy.Vol.3.2023.720p.iMAX-BluRay.HIN-ENG.x264.mkv",
    "black lotus": "F:\\MOVIES\\Black.Lotus.2023.720p.WEB-DL.Hindi.English.ESubs.MoviesMod.org.mkv",
    "5 cm per second":"F:\\movies\\5 CM Per Sec Movie Hindi Dub BY DV.mp4",
    "a whaisker away":"F:\\movies\\A.WH@ISKER.AWAY.480p.HINDI.DUBBED-[FilmyHunk.Net]1.mkv.mp4",
    "a silent voice":"F:\\movies\\A_Silent_Voice_2019_Hindi_Dubbed_Full_Movie_BluRay_(FilmyZilla.vin).mp4",
    "bubble":"F:\\movies\\Bubble [2022] [720p] [Dual] @Anime_Gallery.mkv",
    "i want to eat your pancreas":"F:\\movies\\I Want To Eat Your Pancreas 720p The Official Dubbers.mkv",
    "rebel moon part one":"F:\\movies\\Rebel Moon - Part One A Child of Fire 2023 WebRip 720p Hindi English AAC 5.1 x264 MSubs - mkvCinemas.mkv",
    "rebel moon part 1":"F:\\movies\\Rebel Moon - Part One A Child of Fire 2023 WebRip 720p Hindi English AAC 5.1 x264 MSubs - mkvCinemas.mkv",
    "rebel moon part two":"F:\\movies\\Rebel Moon - Part Two The Scargiver 2024 WebRip 720p Hindi English AAC 5.1 x264 MSubs - mkvCinemas.mkv",
    "rebel moon part 2":"F:\\movies\\Rebel Moon - Part Two The Scargiver 2024 WebRip 720p Hindi English AAC 5.1 x264 MSubs - mkvCinemas.mkv",
    "suzume":"F:\\movies\\Suzume.mkv",
    "weatherting with you":"F:\\movies\\Weathering_With_You_Hindi_Dub_480p.Moviesmod.net.mkv",
    "weathering with you 720":"F:\\movies\\Weathering With You 720p.mp4",
    "your name":"F:\\movies\\Your_Name_2016_Hindi_Dubbed_Full_Movie_BluRay_(FilmyZilla.vin).mp4"
}