{
      "himanshu goyal": "5-10",
      "nandini yadav": "6-17",
      "son goku": "4-18",
      "naruto uzumaki": "10-10",
      "sasuke uchiha": "7-23",
      "sakura haruno": "3-28",
      "kakashi hatake": "9-15",
      "hinata hyuga": "12-27",
      "shikamaru nara": "9-22",
      "ino yamanaka": "9-23",
      "choji akimichi": "5-1",
      "neji hyuga": "7-3",
      "rock lee": "11-27",
      "tenten": "3-9",
      "gaara": "1-19",
      "kiba inuzuka": "7-7",
      "shino aburame": "1-23",
      "temari": "8-23",
      "kankuro": "5-15",
      "jiraiya": "11-11",
      "itachi uchiha": "6-9",
      "tsunade": "8-2",
      "orochimaru": "10-27",
      "nakul rajput": "4-3",
      "shivam goyal": "6-9",
      "prabhanshu tiwari": "1-28",
      "suyank goyal": "12-7",
      "anushka singh": "4-6",
      "aryan singh": "8-25",
      "shreya baghel": "6-9",
      "shanker dutt goyal": "3-8",
      "komal gupta": "12-25",
      "aradhya sharma": "5-24"
}