{
    "ambedkar jayanti": "4-16",
    "New Year's Day":"1-01",
    "Lohri":"1-13",
    "Makar Sankranti":"1-14",
    "Pongal":"1-15",
    "Guru Gobind Singh Jayanti":"1-17",
    "Republic Day":"1-26",
    "Losar":"2-10",
    "Basant Panchmi":"2-14",
    "Guru Ravidas Jayanti":"2-24",
    "Maharshi Dayanand Saraswati Jayanti":"3-6",
    "Mahashivratri":"3-8",
    "Holi":"3-25",
    "Good day":"3-29",
    "Easter Day":"3-31",
    "Gudi Padwa":"4-9",
    "Eid-ul-Fitr":"4-10",
    "Rama Navami":"4-17",
    "Mahavir Jayanti":"4-21",
    "Rabindra Jayanti":"5-8",
    "Buddha Purnima (Vesak)":"5-23",
    "Id-ul-Zuha (Bakrid)":"6-17",
    "Rath Yatra":"7-7",
    "Muharram (Ashura)":"7-17",
    "Independence Day":"8-15",
    "Parsi New Year's Day (Nauraz)":"8-15",
    "Raksha Bandhan (Rakhi)":"8-19",
    "Janmashtami":"8-26",
    "Ganesh Chaturthi":"9-7",
    "Onam":"9-15",
    "Milad-un-Nabi or Id-e- Milad":"9-16",
    "Gandhi Jayanti":"10-02",
    "Dussehra":"10-12",
    "Valmiki Jayanti":"10-17",
    "Karva Chauth":"10-20",
    "Dhanteras":"10-29",
    "Diwali":"10-31",
    "Halloween Day":"10-31",
    "Karnataka Rajyotsava":"11-1",
    "Kerala Piravi":"11-1",
    "Govardhan Puja":"11-2",
    "Bhai Dooj":"11-3",
    "Chhath Puja":"11-7",
    "Guru Nanak Jayanti":"11-15",
    "Christmas":"12-25"
}