{
    "tare gin": "F:\\Songs\\Hindi Song\\Taare_Ginn_Dil_Bechara_Full_Song_Sushant_Sanjana_@A_R_Rahman.mp3",
    "duniya": "F:\\Songs\\Hindi Song\\Duniyaa_8D_Audio_Lukhulke jeene kaka_Chuppi_Akhil_Dhvani_Bhanushali.mp3",
    "main tumhara": "F:\\Songs\\Hindi Song\\Main_Tumhara_Dil_Bechara_Official_Video_Sushant,_Sanjana.mp3",
    "mat aazma re": "F:\\Songs\\Hindi Song\\Mat Aazma Re.mp3",
    "darmiyan": "F:\\Songs\\Hindi Song\\Darmiyan.mp3",
    "main hun madara": "F:\\Songs\\Hindi Song\\Madara_Uchiha_Hindi_Rap_Mai_Hu_Madara_Official_Video_Nar.mp3",
    "pehle bhi main": "F:\\Songs\\Hindi Song\\pehle bhi main.mp4",
    "ager tu hota": "F:\\Songs\\Hindi Song\\AGAR TU HOTA - Slowed & Reverb \uff5c Ankit Tiwari \uff5c Baaghi \uff5c Lofi - Text4Music \uff5c Relax Night Sleep Music.mp3",
    "saajan ve": "F:\\Songs\\Hindi Song\\Darshan Raval - Saajan Ve(Official 4K Video).mp3",
    "sahiba": "F:\\Songs\\Hindi Song\\Saahiba (Slowed + Reverb) \uff5c Darshan Raval \uff5c Dard \uff5c SR Lofi.mp3",
    "maya": "F:\\Songs\\Hindi Song\\Ayush Gauchan - Maya (English Translation \u29f8 Romanized \u29f8 Nepali Lyrics).mp4",
    "ham to deewane": "F:\\Songs\\Hindi Song\\Hum To Deewane - Slowed + Reverb \uff5c Elvish Yadav \uff5c Lofi.mp3",
    "surili akhiyon wale": "F:\\Songs\\Hindi Song\\Surili Akhiyon Wale (New Version) Weathering With You\u300cAMV\u300dOld Hindi Song.mp4",
    "satranga": "F:\\Songs\\Hindi Song\\ANIMAL- Satranga (Lyrics) \uff5c Arijit \uff5c Ranbir Kapoor \uff5c Rashmika.mp4",
    "pehle bhi main x anime": "F:\\Songs\\Hindi Song\\Pehle Bhi Main x Anime AVM \uff5c Animal \uff5c @SHURIKEN_MUSIC.mp4",
    "labon ko": "f:\\songs\\hindi song\\labon ko (slowed).mp3",
    "tujhe dekha hai jab se meri aankhe them gayi": "F:\\Songs\\Hindi Song\\Tujhe dekha hai jab se meri aankhe them gayi \u29f8\u29f8 Akela shaphar \u29f8\u29f8 Tu Radha or mai Tera Krishna.mp4",
    "tu hain kahan": "F:\\Songs\\Hindi Song\\Tu Hain Kahan \uff5c\uff5c Milo Tum Phir se Ek Dafa toh Ek Sawal Dunga \uff5c\uff5c Best lyrics \uff5c\uff5c Best Song.mp4",
    "nasheeli aankhein": "F:\\Songs\\Hindi Song\\Nasheeli Aankhein \uff5c Sachet - Parampara - Official Video \uff5c Latest Hit Song 2019.m4a",
    "tu hai kahan": "F:\\Songs\\Hindi Song\\Uraan - Tu Hai Kahan (Lyrics) \uff5c Raffey -Usama - Ahad trending song Tu hai kahan.mp4",
    "tumi pratiksha": "F:\\Songs\\Hindi Song\\Timro Pratiksa - Shallum Lama (To Mini)[Official Video].mp4",
    "agar tu hota": "F:\\Songs\\Hindi Song\\Agar_Tu_Hota_Full_Video_Song_BAA_(getmp3.pro).mp3",
    "bandook meri laila": "F:\\Songs\\Hindi Song\\Bandook_Meri_Laila_Full_Audio_A_G_(getmp3.pro).mp3",
    "meri duniya tabha ho gayi": "F:\\Songs\\Hindi Song\\Meri_Duniya_Tabha_Ho_gayi_Hai_Yaha_(getmp3.pro).mp3",
    "nai lagda": "F:\\Songs\\Hindi Song\\Nai_Lagda_Vishal_Mishra_Asees_Ka_(getmp3.pro).mp3",
    "lif 'nazar lag jaye gi": "F:\\Songs\\Hindi Song\\Millind Gaba NAZAR LAG JAYEGI Video Song  Kamal Raja  Shabby  New Hindi Songs 2018.mp3",
    "log kehte hai": "F:\\Songs\\Hindi Song\\Log Kehte Hain Pagal.mp3",
    "tu laut aa": "F:\\Songs\\Hindi Song\\Tu laut Aa.. Lyrics  Bollywood Song Lyrics ll.mp3",
    "tera mara wiah": "F:\\Songs\\Hindi Song\\Tera Mera Viah  Jass Manak ( Official song ) MixSingh  Punjabi Songs  Geet MP3.mp3",
    "ye dosti hum nhi todege": "F:\\Songs\\Hindi Song\\Friend ship Anthem  - Ye Dosti Ham nahi todenga Song Akshay Dhawan Feat(Kumar Sanu).mp3",
    "no limit": "F:\\Songs\\Hindi Song\\Badshah - No Limit  Sez On The Beat  ONE Album  Lyrics Video.mp3",
    "fly badshah": "F:\\Songs\\Hindi Song\\Badshah - Fly  Shehnaaz Gill  Uchana Amit  D Soldierz  Official Video 2021.mp3",
    "move": "F:\\Songs\\Hindi Song\\Move  Raftaar  Mr Nair  Saurabh Lokhande.mp3",
    "ishare tere": "F:\\Songs\\Hindi Song\\ISHARE TERE Song  Guru Randhawa, Dhvani Bhanushali  DirectorGelifty  Bhushan Kumar.mp3",
    "ghana kasoota": "F:\\Songs\\Hindi Song\\Ghana Kasoota @raftaarmusic  Surbhi Jyoti  @RashmeetKaur  Avvy Sra  Latest Hit Dance Song 2021.mp3",
    "mere samne wali kidki main": "F:\\Songs\\Hindi Song\\Mere Samne Wali Khidki Mein  Ashish Patil  Padosan  Kishore Kumar  Cover  2018 HD.mp3",
    "hai apna dil toh awara": "F:\\Songs\\Hindi Song\\Hai Apna Dil To Awara  Sanam ft. Soogum Sookha.mp3",
    "sun saathiya": "F:\\Songs\\Hindi Song\\Sun Saathiya - AMV.mp4",
    "jannat ve": "F:\\Songs\\Hindi Song\\Jannat Ve Official Video  Darshan Raval  Nirmaan  Lijo George  Indie Music Label.mp3",
    "udd jaa padindey": "F:\\Songs\\Hindi Song\\Udd Jaa Parindey (Full Video) Radhe Shyam  Prabhas, Pooja Hegde  Mithoon, Jubin Nautiyal.mp3",
    "oh saaiyaan": "F:\\Songs\\Hindi Song\\Oh Saaiyaan  The Power Vidyut Jammwal, Shruti HaasanArijit Singh,Raj PanditSalim-SulaimanKumaar.mp3",
    "kehndi haikehndi na": "F:\\Songs\\Hindi Song\\Anime [amv]  Noragami  Kehndi Haan Kehndi Naa  Hindi mix.mp4",
    "she move lit like": "F:\\Songs\\Hindi Song\\AMV Anime Hindi music video [ she move it like ] song.mp4",
    "apna bana le": "F:\\Songs\\Hindi Song\\APNA BANA LE - AMV.mp4",
    "tera fitoor": "F:\\Songs\\Hindi Song\\Tera Fitoor - Jhankar.mp3",
    "out of control": "F:\\Songs\\Hindi Song\\Out Of Control - Sahil Arya, Sukriti Kakar (Official Video) _ Badshah _ Aditya Dev _ VYRL Originals.mp3",
    "dil ko karaar aaya": "F:\\Songs\\Hindi Song\\Dil Ko Karaar Aaya.mp3",
    "ek din meri baahon maini": "F:\\Songs\\Hindi Song\\Ek Din  Meri Baaho main.mp3",
    "tum jaisa": "F:\\Songs\\Hindi Song\\Tum Jaisa - JalRaj ft. Aisha Singh  Safar  Official Audio  Latest Hindi Songs 2021 Original.mp3",
    "pagalpan": "F:\\Songs\\Hindi Song\\Pagalpan - JalRaj  Safar  Official Video  Latest Original Songs 2021 Hindi.mp3",
    "chand ne kaha": "F:\\Songs\\Hindi Song\\Chand Ne Kaha - JalRaj  Safar  Latest Hindi songs 2021 Original.mp3",
    "tumse mahabbat hai": "F:\\Songs\\Hindi Song\\Tumse Mohabbat Hai - JalRaj  Safar  Latest hindi song 2020 original.mp3",
    "majnu": "F:\\Songs\\Hindi Song\\Majnu (Official Video) Sukriti, Prakriti, Mellow D  Siddharth Nigam, Abhishek Nigam  The Rish.mp3",
    "lehanga": "F:\\Songs\\Hindi Song\\Lehanga  Jass Manak (Official Video) Satti Dhillon  Punjabi Songs  GK DIGITAL  Geet MP3.mp3",
    "socha na tha": "F:\\Songs\\Hindi Song\\Zaeden - socha na tha (Official Music Video).mp3",
    "tere bin": "F:\\Songs\\Hindi Song\\tere bina Acoustic - Zaeden ft. Jonita Gandhi  Kunaal Vermaa  VYRLOriginals \u00a0Romantic Songs 2019.mp3",
    "kya karoon": "F:\\Songs\\Hindi Song\\Zaeden - kya karoon  (Lyrics).mp3",
    "baazigar": "F:\\Songs\\Hindi Song\\DIVINE - Baazigar feat. Armani White  Prod. by Karan Kanchan  Official Audio.mp3",
    "get ready to fight": "F:\\Songs\\Hindi Song\\Full Video Get Ready to Fight Reloaded  Baaghi 3  Tiger S, Shraddha K Pranaay, Siddharth Basrur.mp3",
    "tera baap aaya": "F:\\Songs\\Hindi Song\\Tera Baap Aaya - Lyrical  Commando 3 Vidyut Jammwal, Adah Sharma, Angira Dhar, Gulshan D Farhad B.mp3",
    "pehli dafa": "F:\\Songs\\Hindi Song\\Atelif Aslam Pehli Dafa Song (Full audio lyrics)  Ileana D'Cruz  Last One music....mp3",
    "besabriyaan": "F:\\Songs\\Hindi Song\\BESABRIYAAN Full Video Song  M. S. DHONI - THE UNTOLD STORY  Sushant Singh Rajput.mp3",
    "jab tak": "F:\\Songs\\Hindi Song\\JAB TAK Full Video  M.S. DHONI -THE UNTOLD STORY  Armaan Malik, Amaal Mallik Sushant Singh Rajput.mp3",
    "rula ke gaya": "F:\\Songs\\Hindi Song\\Rula Ke gaya ishq.mp3",
    "likhe jo khat tujhe": "F:\\Songs\\Hindi Song\\Likhe Jo Khat Tujhe with lyrics  \u0932\u093f\u0916\u0947 \u091c\u094b \u0916\u0924 \u0924\u0941\u091d\u0947 \u0917\u093e\u0928\u0947 \u0915\u0947 \u092c\u094b\u0932 Kanyadaan Asha Parekh, Shashi Kapoor.mp3",
    "aaya na tu": "F:\\Songs\\Hindi Song\\Aaya Na Tu - Pagalworld.co.mp3",
    "galat fahmi": "F:\\Songs\\Hindi Song\\Galat Fahmi X Tu jo na mila.mp3",
    "tum na ho": "F:\\Songs\\Hindi Song\\Tum Na Ho.mp4",
    "halki si barsaat": "F:\\Songs\\Hindi Song\\Halki Si Barsaat.mp3",
    "tere naal": "F:\\Songs\\Hindi Song\\tere naal.mp3",
    "yaara teri yaari": "F:\\Songs\\Hindi Song\\Yaara Teri Yaari Full Video Song by DARSHAN RAVAL  Four More Shots Please 2019.mp3",
    "jaan hai meri": "F:\\Songs\\Hindi Song\\Jaan Hai Meri (From Radhe Shyam).mp3",
    "maan meri jaan": "F:\\Songs\\Hindi Song\\King - Maan Meri Jaan (Lyrics).mp3",
    "aziyat 2.0": "F:\\Songs\\Hindi Song\\Aziyat 2.0 - Pratyush Dhiman ft. Shivoryx [Official Video].mp3",
    "jaana jaana": "F:\\Songs\\Hindi Song\\Jeena Jeena   Badlapur  8D Audio (HIGH QUALITY)\ud83c\udfa7.mp3",
    "chidiya": "F:\\Songs\\Hindi Song\\Chidiya (Reprise)  JalRaj  Vilen   Latest cover 2021 Hindi.mp3",
    "warrior": "F:\\Songs\\Hindi Song\\WARRIOR - CARRYMINATI X Wily Frenzy.mp3",
    "barrish lete aana": "F:\\Songs\\Hindi Song\\Baarish Lete Aana - Darshan Raval (slowed and reverbed).mp3",
    "padhako": "F:\\Songs\\Hindi Song\\Nishayar - PADHAKOO  Study Motivation 2022  Prod. DOMBOI.mp3",
    "tujh bin": "F:\\Songs\\Hindi Song\\Tujh Bin Instrumental (Official) - Bharatt-Saurabh  Most Romantic Ringtone 2020.mp3",
    "aziyat": "F:\\Songs\\Hindi Song\\Aziyat - Pratyush Dhiman [Official Video] ft. Jahnavi Rao.mp3",
    "maiyya mainu": "F:\\Songs\\Hindi Song\\Maiyya Mainu - Lyrical  Jersey  Shahid Kapoor, Mrunal Thakur Sachet-Parampara Shellee  Gowtam T.mp3",
    "satisfya": "F:\\Songs\\Hindi Song\\Satisfya.mp3",
    "girl i need you": "F:\\Songs\\Hindi Song\\Girl I need You.mp3",
    "waqt ki battion": "F:\\Songs\\Hindi Song\\Waqt Ki Battion.mp4",
    "no comptition": "F:\\Songs\\Hindi Song\\No Comptition.mp3",
    "ik galti": "F:\\Songs\\Hindi Song\\ik galti.mp3",
    "bas main": "F:\\Songs\\Hindi Song\\Bas Main.mp3",
    "ek galti": "F:\\Songs\\Hindi Song\\ek Galti.mp3",
    "ek terfa": "F:\\Songs\\Hindi Song\\Ek Tarfa Reprise Remix [Derson ravel].mp3",
    "main hoya gumsuda": "F:\\Songs\\Hindi Song\\Main Hoya Gumsuda.mp3",
    "relation": "F:\\Songs\\Hindi Song\\Relation.mp4",
    "ek ladki ko dekha toh aisa laga": "F:\\Songs\\Hindi Song\\Ek Ladki Ko Dekha Toh Aisa.mp4",
    "yalgaar": "F:\\Songs\\Hindi Song\\YALGAAR_-_CARRYMINATI_X_Wily_Frenzy_(getmp3.pro).mp3",
    "rabatta": "F:\\Songs\\Hindi Song\\Rabatta.mp3",
    "nayan ne bandh rakhine": "F:\\Songs\\Hindi Song\\Nayan Ne Bandh Rakhine Lyrics   Darshan Raval480p w5e.mp4",
    "bhula diya": "F:\\Songs\\Hindi Song\\Bhula Diya - Darshan Raval _ Official Video _ Anurag Saikia _ A. M. Turaz _ Indie Music Label.mp4",
    "chedkhaniyaan": "F:\\Songs\\Hindi Song\\Chedkhaniyaan Video Song - Bandish Bandits - Shankar Ehsaan Loy - Amazon Original - Aug 4.mp3",
    "hawa banke": "F:\\Songs\\Hindi Song\\Darshan Raval - Hawa Banke _ Official Music Video _ Nirmaan _ Indie Music Label.mp4",
    "do din": "F:\\Songs\\Hindi Song\\Do Din - Darshan Raval \uff5c Akanksha Sharma \uff5c Latest Hits 2018 [R4mCK5P7WZE].mp4",
    "kya mujhe pyar hai ": "F:\\Songs\\Hindi Song\\Ek Din  Meri Baaho main  Remix Kya Mujhe Pyaar Hai Remix Sp Durjoy Tiktok trending.mp3",
    "gulabi ankhein": "F:\\Songs\\Hindi Song\\Gulabi Ankhein (Jal Raj Reprise).mp4",
    "gulabi sadi": "F:\\Songs\\Hindi Song\\Gulabi Sadi - Sanju Rathore (Lyrics) \uff5c Lyrical Bam Marathi.mp3",
    "iraaday": "F:\\Songs\\Hindi Song\\Iraaday (Lyrics) \u2013 Abdul Hannan & Rovalio.mp4",
    "gand main dam hai toh band karwa lo": "F:\\Songs\\Hindi Song\\Irrfan_Khan_Party_Song_Ft_AIB_(getmp3.pro).mp3",
    "kaash aisa hota": "F:\\Songs\\Hindi Song\\Kaash Aisa Hota - Darshan Raval _ Official Lyrical Video _ Indie Music Label _ Latest Hit Song 2019.mp4",
    "khamosiyaan": "F:\\Songs\\Hindi Song\\khamosiyaan.mp3",
    "laree choote": "F:\\Songs\\Hindi Song\\laree Choote lyrics Original.mp3",
    "laree chote": "F:\\Songs\\Hindi Song\\Laree_Choote_The_Bassicks_Kartik_Chandna_Official_Lyric_Vid.mp3",
    "maut ka naach": "F:\\Songs\\Hindi Song\\Madara Hindi Rap - Maut Ka Naach By Dikz  Hindi Anime Rap  [ Naruto AMV ]  Prod. By Pendo46 (1).mp3",
    "meri banogi kya": "F:\\Songs\\Hindi Song\\Meri_Banogi_Kya_-_Rito_Riba_Offic_(getmp3.pro).mp4",
    "nachdi phira": "F:\\Songs\\Hindi Song\\Nachdi_Phira_-_Full_Audio_Secret_(getmp3.one).mp3",
    "shab tum ho": "F:\\Songs\\Hindi Song\\Shab Tum Ho - Latest Hit Song 2018 _ Darshan Raval _ Sayeed Quadri _ Indie Music Label.mp4",
    "teri aankon main": "F:\\Songs\\Hindi Song\\Teri Aankhon Mein Song_ Divya K _ Darshan R, Neha K _ Pearl V Manan B _ Radhika, Vinay _ Bhushan K.mp4",
    "tu mileya": "F:\\Songs\\Hindi Song\\Tu Mileya.mp3",
    "yeh jism": "F:\\Songs\\Hindi Song\\Yeh_Jism_Full_Video_Song_Jism_2_Randeep_Hooda,_Sunny_Leone.mp3",
    "5 more nights": "F:\\Songs\\English Song\\5 MORE NIGHTS [Suaz, bangers].mp3",
    "alone": "F:\\Songs\\English Song\\Alan_Walker_Ava_Max_-_Alone_Pt_(getmp3.pro).mp3",
    "world we used to know": "F:\\Songs\\English Song\\Alan_Walker_x_Winona_Oak_-_World_We_(getmp3.pro).mp3",
    "scars to your beauteliful": "F:\\Songs\\English Song\\Alessia Cara - Scars To Your Beauteliful (Lyrics).mp3",
    "all about it": "F:\\Songs\\English Song\\All About it.mp4",
    "and the voice": "F:\\Songs\\English Song\\And the voice.mp3",
    "angel baby": "F:\\Songs\\English Song\\Angel Baby   [Troye Sivan].mp3",
    "rewrite the stars": "F:\\Songs\\English Song\\Anne-Marie & James Arthur - Rewrite The Stars [from The Greatest Showman Reimagined].mp3",
    "rewrite the star": "F:\\Songs\\English Song\\Anne-Marie & James Arthur - Rewrite The Stars [from The Greatest Showman Reimagined].mp3",
    "my gaming life": "F:\\Songs\\English Song\\Arensky X Marin Hoxha X Jon Becker  My Gaming Lelife Lyrics.mp3",
    "stuck with u": "F:\\Songs\\English Song\\Ariana Grande, Justin Bieber - Stuck With U (Lyrics).mp4",
    "tu you": "F:\\Songs\\English Song\\Armaan Malik - Tu_You (Lyrics).mp4",
    "hurts so good": "F:\\Songs\\English Song\\Astrid_S_-_Hurts_So_Good_Lyrics_(getmp3.pro).mp3",
    "attention": "F:\\Songs\\English Song\\Attention [Charlie Puth].mp3",
    "be somebody": "F:\\Songs\\English Song\\Be SomeBody.mp3",
    "ice cream": "F:\\Songs\\English Song\\BLACKPINK - 'Ice Cream (with Selena Gomez)' MV.mp3",
    "bones": "F:\\Songs\\English Song\\Bones.mp3",
    "born bold": "F:\\Songs\\English Song\\Born Bold - Valley of Wolves.mp3",
    "born for this": "F:\\Songs\\English Song\\Born_for_This_By_The_Score_Lyrics_(getmp3.pro).mp3",
    "breakeven": "F:\\Songs\\English Song\\Breakeven_-_The_Script_Lyrics__(getmp3.pro).mp3",
    "broken heart": "F:\\Songs\\English Song\\Broken_heart_(getmp3.pro).mp3",
    "butter": "F:\\Songs\\English Song\\BTS - Butter (Lyrics).mp3",
    "fake love": "F:\\Songs\\English Song\\BTS (\ubc29\ud0c4\uc18c\ub144\ub2e8) 'FAKE LOVE' Official MV.mp3",
    "on": "F:\\Songs\\English Song\\BTS ON.mp3",
    "boy with love": "F:\\Songs\\English Song\\BTS_Boy_With_(getmp3.pro).mp3",
    "dynamite": "F:\\Songs\\English Song\\BTS_Dynamite_Official_MV_(getmp3.pro).mp3",
    "make it right": "F:\\Songs\\English Song\\BTS_Make_It_Right_feat_L_(getmp3.pro).mp3",
    "permission to dance": "F:\\Songs\\English Song\\BTS_Permission_to_Dance_O_(getmp3.pro).mp3",
    "savage love": "F:\\Songs\\English Song\\BTS_Savage_Love_Laxed__(getmp3.pro).mp3",
    "bulletproof": "F:\\Songs\\English Song\\Bulletproof  [The Score].mp3",
    "shameless": "F:\\Songs\\English Song\\Camila Cabello - Shameless [qzDz7a-dGJY].opus",
    "can we kiss forever": "F:\\Songs\\English Song\\Can We Kiss Forever [Kina].mp3",
    "centuries": "F:\\Songs\\English Song\\Centuries.mp3",
    "cheating on you": "F:\\Songs\\English Song\\Charlie Puth - Cheating on You [Official Video].mp4",
    "we don't talk anymore": "F:\\Songs\\English Song\\Charlie_Puth_-_We_Dont_Talk_Anymor_(getmp3.pro).mp3",
    "a thousand years": "F:\\Songs\\English Song\\Christina_Perri_-_A_Thousand_Years_(getmp3.one).mp3",
    "closer": "F:\\Songs\\English Song\\Closer [ The Chainmokers ft. Halsey.mp3",
    "closer 8d": "F:\\Songs\\English Song\\Closer_The_Chainsmokers_8D_Aud_(getmp3.pro).mp4",
    "company": "F:\\Songs\\English Song\\Company [Justin Bieber].mp3",
    "ten thousand years": "F:\\Songs\\English Song\\Dan + Shay, Justin Bieber - 10,000 Hours [Vietsub+Lyrics].mp4",
    "dendelions lyrics": "F:\\Songs\\English Song\\Dandelions (Lyrics).mp3",
    "waiting for superman": "F:\\Songs\\English Song\\Daughtry - Waiting for Superman.mp3",
    "demon": "F:\\Songs\\English Song\\Demons [Imagine Dragons].mp3",
    "despacito": "F:\\Songs\\English Song\\Despacito.mp3",
    "a delifferent way": "F:\\Songs\\English Song\\DJ_Snake_Lauv_-_A_Delifferent_Way_O_(getmp3.pro).mp3",
    "drag me down": "F:\\Songs\\English Song\\Drag Me Down [One Direction].mp3",
    "dreamer": "F:\\Songs\\English Song\\Dremaer.mp4",
    "echo": "F:\\Songs\\English Song\\Echo.mp4",
    "eenie meene": "F:\\Songs\\English Song\\Eenie Meene.mp3",
    "euphoria": "F:\\Songs\\English Song\\Euphoria.mp4",
    "thunder": "F:\\Songs\\English Song\\Gabry Ponte, LUM!X, Prezioso - Thunder (Lyrics)  down the river were drunk tiktok.mp3",
    "gaho": "F:\\Songs\\English Song\\Gaho (\uac00\ud638) - Start \uc2dc\uc791 (Itaewon Class OST Part 2) Lyrics (HanRomEng\uac00\uc0ac).mp4",
    "ghost": "F:\\Songs\\English Song\\Ghost of Justin bieber.mp3",
    "heat waves": "F:\\Songs\\English Song\\Glass Animals - Heat Waves (Lyrics).mp3",
    "hall of fame": "F:\\Songs\\English Song\\Hall Of Fame [The Script].mp3",
    "hate me": "F:\\Songs\\English Song\\Hate Me Ellie_Goulding_Juice_WRLD_-_.mp3",
    "hate mee": "F:\\Songs\\English Song\\Hate_Me_Lyric_Video     Robert_Grace.mp3",
    "i knew you were trouble": "F:\\Songs\\English Song\\I Knew You Were Trouble [Taylor Swelift].mp3",
    "if you could see me now": "F:\\Songs\\English Song\\Imagination [Shawn Medes].mp3",
    "bad liar": "F:\\Songs\\English Song\\Imagine_Dragons_-_Bad_Liar_Lyrics_(getmp3.pro).mp3",
    "birds": "F:\\Songs\\English Song\\Imagine_Dragons_-_Birds_Lyrics_(getmp3.pro).mp3",
    "in the end": "F:\\Songs\\English Song\\In The End.mp3",
    "in the stars": "F:\\Songs\\English Song\\in the stars (speed up) - Sami rose _ lyrics _ tiktok version.opus",
    "is this saddest song ever": "F:\\Songs\\English Song\\is this the saddest song ever.mp3",
    "im your": "F:\\Songs\\English Song\\Isabel_LaRosa_-_Im_Yours_Lyrics_(getmp3.pro).mp3",
    "please don't go": "F:\\Songs\\English Song\\Joel_Adams_-_Please_Dont_Go_Offic_(getmp3.pro).mp3",
    "hold on": "F:\\Songs\\English Song\\Justin Bieber - Hold On (Lyrics).mp4",
    "legacy": "F:\\Songs\\English Song\\Legacy.mp3",
    "legendary": "F:\\Songs\\English Song\\Legendary.mp3",
    "legends never die": "F:\\Songs\\English Song\\Legends Never Die (Lyrics) Ft. Against The Current.mp3",
    "legendz": "F:\\Songs\\English Song\\Legendz_(getmp3.pro).mp3",
    "lighting": "F:\\Songs\\English Song\\Lightning_Lyrics_(getmp3.pro).mp4",
    "lost control": "F:\\Songs\\English Song\\Lost Control [Alan Walker].mp3",
    "love is gone": "F:\\Songs\\English Song\\Love is gone.mp3",
    "love me like you do": "F:\\Songs\\English Song\\Love me Like you do.mp4",
    "love the way he lie": "F:\\Songs\\English Song\\Love the way he lie.mp4",
    "love your voice": "F:\\Songs\\English Song\\Love your voice [JONY].mp3",
    "love is gone remix": "F:\\Songs\\English Song\\Love_Is_Gone_ft_Dylan_M_(getmp3.pro).mp3",
    "for the first time": "F:\\Songs\\English Song\\LYRICS_The_Script_For_The_First_(getmp3.pro).mp3",
    "animal": "F:\\Songs\\English Song\\Maroon_5_-_Animals_Lyrics_(getmp3.pro).mp3",
    "maroon 5": "F:\\Songs\\English Song\\Maroon_5_ft_Megan_Thee_Stallion_-_(getmp3.pro).mp3",
    "in the name of love": "F:\\Songs\\English Song\\Martin Garrix & Bebe Rexha - In The Name Of Love (Lyrics).mp4",
    "hero": "F:\\Songs\\English Song\\Martin_Garrix_x_JVKE_-_Hero_Offici_(getmp3.pro).mp3",
    "monster": "F:\\Songs\\English Song\\Monster.mp3",
    "mood": "F:\\Songs\\English Song\\Mood [24kGoldn].mp3",
    "my heart stero": "F:\\Songs\\English Song\\My Heart stero.mp4",
    "my name is": "F:\\Songs\\English Song\\My Name is [Once Monsters].mp3",
    "my only one": "F:\\Songs\\English Song\\My only one (lyrics) - Sebastian Yatra ft. Isabela Moner.mp4",
    "my universe": "F:\\Songs\\English Song\\My Universe.mp4",
    "night changes": "F:\\Songs\\English Song\\Night Changes [One Direction].mp3",
    "blames on me": "F:\\Songs\\English Song\\Nightcore - Blame's On Me (Alexander Stewart) - (Lyrics).mp4",
    "helplessly": "F:\\Songs\\English Song\\Nightcore - Helplessly - (Lyrics).mp4",
    "be somebody nightcore": "F:\\Songs\\English Song\\Nightcore Be Somebody.mp3",
    "no one saving me": "F:\\Songs\\English Song\\Nightcore_-_No_One_Saving_Me_Ewan_(getmp3.pro).mp4",
    "nothing": "F:\\Songs\\English Song\\Nothing_-_The_Script_Lyrics__(getmp3.pro).mp3",
    "on my way": "F:\\Songs\\English Song\\On my way.mp4",
    "night changes lyrics": "F:\\Songs\\English Song\\One Direction - Night Changes (Lyrics).mp4",
    "one kiss": "F:\\Songs\\English Song\\One Kiss.mp3",
    "little thing": "F:\\Songs\\English Song\\One_Direction_-_Little_Things_Lyri_(getmp3.pro).mp3",
    "run": "F:\\Songs\\English Song\\OneRepublic_-_Run_Lyrics_(getmp3.pro).mp3",
    "good time": "F:\\Songs\\English Song\\Owl City & Carly Rae Jepsen - Good Time (Official Video).mp4",
    "people": "F:\\Songs\\English Song\\People (Lyrics) ft. Ayra Starr, Omah Lay (64 kbps).mp3",
    "perfect x happier": "F:\\Songs\\English Song\\Perfect x Happier.mp3",
    "perfect": "F:\\Songs\\English Song\\Perfect_-_Ed_Sheeran_Lyrics_(getmp3.pro).mp4",
    "radio active": "F:\\Songs\\English Song\\Radio active.mp4",
    "remember the name": "F:\\Songs\\English Song\\Remember the name.mp3",
    "sad song": "F:\\Songs\\English Song\\Sad Song - [we the kings].mp3",
    "play with fire": "F:\\Songs\\English Song\\Sam_Tinnesz-Play_with_fire_Lyrics_(getmp3.pro).mp3",
    "see you again": "F:\\Songs\\English Song\\See You Again.mp3",
    "senorita": "F:\\Songs\\English Song\\Senorita.mp4",
    "set fire to the rain": "F:\\Songs\\English Song\\Set Fire To The Rain [Adele].mp4",
    "shakedown": "F:\\Songs\\English Song\\Shakedown_The_Score-_Lyrics_(getmp3.pro).mp3",
    "hips don't lie": "F:\\Songs\\English Song\\Shakira_-_Hips_Dont_Lie_Official_(getmp3.pro).mp3",
    "inspiration": "F:\\Songs\\English Song\\SHAUN feat. Conor Maynard - Way Back Home (Lyrics) Sam Feldt Edit.mp4",
    "monster justin bieber": "F:\\Songs\\English Song\\Shawn Mendes   Justin Bieber - Monster (Lyrics).mp3",
    "treat you better": "F:\\Songs\\English Song\\Shawn Mendes - Treat You Better (lyrics).mp4",
    "wonder": "F:\\Songs\\English Song\\Shawn Mendes - Wonder.mp3",
    "strings": "F:\\Songs\\English Song\\Shawn_Mendes_-_Strings_Official_Au_(getmp3.pro).mp3",
    "summer of love": "F:\\Songs\\English Song\\Shawn_Mendes_Tainy_-_Summer_Of_Lov_(getmp3.pro).mp3",
    "cheap thrills": "F:\\Songs\\English Song\\Sia_-_Cheap_Thrills_Lyrics_ft_Se_(getmp3.pro).mp3",
    "in the end spider man": "F:\\Songs\\English Song\\Spider-Man_In_The_End_(getmp3.pro).mp3",
    "royalty": "F:\\Songs\\English Song\\spotelifydown.com - Royalty.mp3",
    "steal my girl": "F:\\Songs\\English Song\\Steal My Girl.mp4",
    "stronger": "F:\\Songs\\English Song\\Stronger_-_The_Score_Lyric_Video_(getmp3.pro).mp3",
    "sucker": "F:\\Songs\\English Song\\Sucker [Jonas Brothers].mp3",
    "superhero": "F:\\Songs\\English Song\\Super Hero Spider Man.mp3",
    "super hero": "F:\\Songs\\English Song\\Superheroes_-_The_Script_Lyrics__(getmp3.pro).mp3",
    "takeaway": "F:\\Songs\\English Song\\Takeaway [Chainsmokers_Illenium].mp3",
    "i think he knows": "F:\\Songs\\English Song\\Taylor Swelift - I Think He Knows (Lyric Video).mp4",
    "love story": "F:\\Songs\\English Song\\Taylor Swelift - Love Story (Lyrics).mp4",
    "lover": "F:\\Songs\\English Song\\Taylor Swelift - Lover.mp4",
    "jalebi baby": "F:\\Songs\\English Song\\Tesher_-_Jalebi_Baby_Lyrics__(getmp3.pro).mp3",
    "the nights": "F:\\Songs\\English Song\\The Nights [Avicii].mp3",
    "the power": "F:\\Songs\\English Song\\The Power.mp4",
    "the search": "F:\\Songs\\English Song\\The search.mp4",
    "higher": "F:\\Songs\\English Song\\The_Score_-_Higher_Lyrics_(getmp3.pro).mp3",
    "legend": "F:\\Songs\\English Song\\The_Score_-_Legend_Audio_(getmp3.pro).mp3",
    "miracle": "F:\\Songs\\English Song\\The_Score_-_Miracle_Lyrics_video_(getmp3.pro).mp3",
    "never going back": "F:\\Songs\\English Song\\The_Score_-_Never_Going_Back_Offic_(getmp3.pro).mp3",
    "revolution": "F:\\Songs\\English Song\\The_Score_-_Revolution_Official_Au_(getmp3.pro).mp3",
    "tightrope": "F:\\Songs\\English Song\\The_Score_-_Tightrope_Official_Aud_(getmp3.pro).mp3",
    "unstoppable": "F:\\Songs\\English Song\\The_Score_-_Unstoppable_Lyrics_(getmp3.pro).mp3",
    "who i am": "F:\\Songs\\English Song\\The_Score_-_Who_I_Am_Lyrics_(getmp3.pro).mp3",
    "this i believe the creed": "F:\\Songs\\English Song\\This_I_Believe_The_Creed_-_Hillso_(getmp3.pro).mp3",
    "titanic": "F:\\Songs\\English Song\\Titanic song.mp3",
    "titanic long": "F:\\Songs\\English Song\\Titanic_Calm_Continuous_Mix_(getmp3.pro).mp3",
    "hymn to the sea": "F:\\Songs\\English Song\\Titanic-_Hymn_to_the_sea_(getmp3.pro).mp3",
    "underdog the score": "F:\\Songs\\English Song\\Underdog.mp3",
    "unstoppable sia": "F:\\Songs\\English Song\\Unstoppable Sia.mp3",
    "wake me up when september end": "F:\\Songs\\English Song\\Wake_Me_Up_When_September Ends  (Green Day).mp3",
    "whatelif": "F:\\Songs\\English Song\\What elif - John Orlando, Machenzie Ziegler(8D Audio)(Use Headphones).mp3",
    "what elif": "F:\\Songs\\English Song\\What elif (I Told You).mp4",
    "whats make you beauteliful": "F:\\Songs\\English Song\\what makes you beauteliful [One Direction].mp3",
    "without me": "F:\\Songs\\English Song\\Without me [Halsy Male Version].mp3",
    "yabure kabure": "F:\\Songs\\English Song\\Yabure_Kabure_Lyrics_-_Nyanpasu__(getmp3.pro).mp3",
    "yes": "F:\\Songs\\English Song\\Yes [Piano Version].mp3",
    "you and i": "F:\\Songs\\English Song\\You & I [One Direction].mp3",
    "dusk till dawn": "F:\\Songs\\English Song\\ZAYN, Sia - Dusk Till Dawn (Lyrics).mp4",
    "aas pass": "F:\\Songs\\Slow-Reversed\\Aas Pass.mp3",
    "all black": "F:\\Songs\\Slow-Reversed\\All Black (Slowed-Revered).mp3",
    "ami tumake": "F:\\Songs\\Slow-Reversed\\Ami Tumake.mp3",
    "channa ve": "F:\\Songs\\Slow-Reversed\\Channa Ve [Slow reverd].mp3",
    "daku": "F:\\Songs\\Slow-Reversed\\DAKE [8D].mp3",
    "dakuu": "F:\\Songs\\Slow-Reversed\\DAKU_SLOWED_AND_REVERBED_INDERPA.mp3",
    "dendelions slow reverb": "F:\\Songs\\Slow-Reversed\\Dandelions_slowed_reverb_(getmp3.pro).mp3",
    "dendelions violin": "F:\\Songs\\Slow-Reversed\\dandelions_violin_-_joel_sunny_(getmp3.pro).mp3",
    "dewaane hum nhi hote": "F:\\Songs\\Slow-Reversed\\Deewane Hum Nhi Hote [Slowed Reverb].mp3",
    "duniyaa": "F:\\Songs\\Slow-Reversed\\Duniyaa [Slowed Reverb].mp3",
    "gazab ka hai din": "F:\\Songs\\Slow-Reversed\\Gazab Ka Hai Din Video  DIL JUUNGLEE  Tanishk B Jubin N Prakriti K  Taapsee Pannu  Saqib S.mp3",
    "gf bf": "F:\\Songs\\Slow-Reversed\\GF BF ( Lyrics ) - Ft .gurinder seagal ,i wanna take you up and down , round and round lyrics.mp3",
    "hue bachain": "F:\\Songs\\Slow-Reversed\\Hue_Bechain_Slowed_and_Reverb__(getmp3.pro).mp3",
    "hurts so good slow reverb": "F:\\Songs\\Slow-Reversed\\hurts_so_good_slowed_reverb_lyri_(getmp3.pro).mp3",
    "ishq wala love": "F:\\Songs\\Slow-Reversed\\Ishq_Wala_Love_slowed_reverb__(getmp3.pro).mp3",
    "jab koi baat lofi": "F:\\Songs\\Slow-Reversed\\Jab Koi Baat - Lo Fi Remix.mp3",
    "jab koi baat slow reverb": "F:\\Songs\\Slow-Reversed\\Jab_Koi_baat_Slowed_Reverb_Ly_(getmp3.pro).mp3",
    "jheeni jheeni": "F:\\Songs\\Slow-Reversed\\Jheeni Jhenni.mp3",
    "kaise hua": "F:\\Songs\\Slow-Reversed\\KAISE HUA [SLOWED-REVERB].mp3",
    "kya mujhe pyar hai": "F:\\Songs\\Slow-Reversed\\Kya Mujhe Pyaar Hai (LoFi Flip).mp3",
    "main rang sharbaton ka": "F:\\Songs\\Slow-Reversed\\Main_Rang_sharbaton_ka_Slowed__(getmp3.pro).mp3",
    "mere dil di gali de vich aaja": "F:\\Songs\\Slow-Reversed\\Mere dil di gali de vich aaja (slowed+reverb) ~zack night [Nakhre slowed].mp3",
    "mere bina": "F:\\Songs\\Slow-Reversed\\Mere_Bina_SlowedReverb_-_Crook__(getmp3.pro).mp3",
    "akhiyaan": "F:\\Songs\\Slow-Reversed\\Mitraz_-_Akhiyaan_REMIX_DJ_Shad_(getmp3.pro).mp3",
    "pee loon": "F:\\Songs\\Slow-Reversed\\Pee_Loon_slowedreverb_(getmp3.pro).mp3",
    "pehli dafa slow reverb": "F:\\Songs\\Slow-Reversed\\Pehli_Dafa_-_Atelif_Aslam_Slowed__(getmp3.pro).mp3",
    "pyar ho": "F:\\Songs\\Slow-Reversed\\Pyar Ho (8D Audio).mp3",
    "sab tera": "F:\\Songs\\Slow-Reversed\\SAB_TERA_-_Slowed_Reverb_(getmp3.pro).mp3",
    "saiyaara": "F:\\Songs\\Slow-Reversed\\Saiyaara_Lo-Fi_Remake_Mohit_Cha_(getmp3.pro).mp3",
    "sapno ke bin aakhon": "F:\\Songs\\Slow-Reversed\\Sapno Ke Bin Aankhon \ud83d\udc40 Ki Jaise Kimat Koi Na\ud83e\udd40 \uff1a Tum Todo Na \uff5c Sad Song #youtub.mp3",
    "saari raat": "F:\\Songs\\Slow-Reversed\\Sarri Raat.mp3",
    "bheegi si bhaagi si": "F:\\Songs\\Slow-Reversed\\spotelifydown.com - Bheegi Si Bhaagi Si - Lofi Flip.mp3",
    "jab koi baat": "F:\\Songs\\Slow-Reversed\\spotelifydown.com - Jab Koi Baat - Lo Fi Remix.mp3",
    "kya mujhe pyaar hai": "F:\\Songs\\Slow-Reversed\\spotelifydown.com - Kya Mujhe Pyaar Hai (LoFi Flip).mp3",
    "tera ban jaunga": "F:\\Songs\\Slow-Reversed\\Tera_Ban_Jaunga8D_Audio_-_Kabir_S_(getmp3.pro).mp3",
    "tere bin nhi laage": "F:\\Songs\\Slow-Reversed\\Tere Bin Nahi Laage.mp3",
    "tere sang yaara": "F:\\Songs\\Slow-Reversed\\Tere_Sang_Yaara_-_SlowedReverb_(getmp3.pro).mp3",
    "teri jhuki nazar": "F:\\Songs\\Slow-Reversed\\Teri Jhuki Nazar [Slowed+Reverb] ~ \uff5c Mohit Chauhan \uff5c Music Lyrics.mp3",
    "thoda thoda pyaar": "F:\\Songs\\Slow-Reversed\\Thoda thoda pyaar (slowed+reverb).mp3",
    "toota jo kabhi tara": "F:\\Songs\\Slow-Reversed\\Toota_Jo_Kabhi_Tara_-_LOFI_Slowed_(getmp3.pro).mp3",
    "tune jo na kaha": "F:\\Songs\\Slow-Reversed\\Tune_Jo_Na_Kaha_Lyrics_-_I_Slowed_(getmp3.pro).mp3",
    "until i found x perfect": "F:\\Songs\\Slow-Reversed\\until i found you x perfect (song lyric) [TQT8wM5WeDw].mp3",
    "wallian": "F:\\Songs\\Slow-Reversed\\Waalian_slowedreverb_Waalian_L_(getmp3.pro).mp3",
    "zara zara": "F:\\Songs\\Slow-Reversed\\Zara_Zara_Bahekta_hai_-_jalraj_Sl_(getmp3.pro).mp3",
    "kabir singh": "F:\\Songs\\DJ\\Kabir_Singh_emotional_bgm_Kabir_Singh_sad_heart_touching_bgm (1).mp3",
    "kaise hua piano": "F:\\Songs\\DJ\\Kaise_hua_in_Piano_Kabir_Singh_Sad_Heart_Touching_Backgroun.mp3",
    "jvstin": "F:\\Songs\\DJ\\JVSTIN - CLANDESTINA ( TikTok Remix ) (Bass Boosted) [_0gdZLsYPNk].mp3",
    "husn x cho lo": "F:\\Songs\\DJ\\Husn x Choo Lo (Yadnesh - VYMusic Mashup) Anuv Jain, Local Train \uff5c Instagram Viral Mashup.mp3",
    "cho lo x husn": "F:\\Songs\\DJ\\Husn x Choo Lo (Yadnesh - VYMusic Mashup) Anuv Jain, Local Train \uff5c Instagram Viral Mashup.mp3",
    "ifinity x jab tak": "F:\\Songs\\DJ\\Infinity X Jab Tak Full Version \uff5c Instagram Viral Song Mashup \uff5c Proyash.mp3",
    "until i found you x perfect": "F:\\Songs\\DJ\\until i found you x perfect (song lyric) [TQT8wM5WeDw].mp3",
    "faata flow": "F:\\Songs\\DJ\\GAUSH - FAATA FLOW ( lyrics ).mp4",
    "bubble ost main theme": "F:\\Songs\\DJ\\Bubble OST Main Theme  EPIC EMOTIONAL COVER (UTAtoHIBIKI).mp3",
    "bubble ost": "F:\\Songs\\DJ\\Bubble OST Main Theme  EPIC EMOTIONAL COVER (UTAtoHIBIKI).mp3",
    "khairiyat": "F:\\Songs\\DJ\\Khairiyat_Instrumental_Original_Kar_(getmp3.pro).mp3",
    "naruto": "F:\\Songs\\DJ\\NARUTO_RAP_SONG_insane_ft_Sora_s_(getmp3.pro).mp3",
    "naruto rap": "F:\\Songs\\DJ\\NARUTO_RAP_SONG_insane_ft_Sora_s_(getmp3.pro).mp3",
    "endgame": "F:\\Songs\\DJ\\Prakhar_Gupta_-_Endgame_Hai_Aveng_(getmp3.pro).mp3",
    "wahran": "F:\\Songs\\DJ\\RANDALL - Wahran (Official Audio).mp3",
    "eagle": "F:\\Songs\\DJ\\WYR GEMI - Eagle Full Version Song  Viral Ringtone  BGM Rock.mp3",
    "touch it": "F:\\Songs\\DJ\\Touch It.mp3",
    "astronomia": "F:\\Songs\\DJ\\Vicetone_Tony_Igy_-_Astronomia_(getmp3.pro).mp3",
    "time back": "F:\\Songs\\DJ\\Time Back Bad Style.mp3",
    "sugar and brownies": "F:\\Songs\\DJ\\Sugar & Brownies.mp3",
    "sxmpra": "F:\\Songs\\DJ\\SXMPRA.mp3",
    "such a whore": "F:\\Songs\\DJ\\Such A whore - jvla (Lyrics) - Trending Song.mp4",
    "go down deh": "F:\\Songs\\DJ\\Spice, Sean Paul, Shaggy - Go Down Deh (Tik Tok Remix 2022)  FAST & FURIOUS [Chase Scene].mp3",
    "run free": "F:\\Songs\\DJ\\Run Free (8D TikTok Edit).mp3",
    "wolves": "F:\\Songs\\DJ\\Selena Gomez, Marshmello - Wolves (Lyrics).mp3",
    "power up": "F:\\Songs\\DJ\\Razihel - Power Up [NCS Release].mp3",
    "choix de vie": "F:\\Songs\\DJ\\RANDALL x Anas - Choix de vie (feat Nassi) 4k.mp3",
    "moeart": "F:\\Songs\\DJ\\Moreart-_ya_budu_ebat_lyrics_Russi_(getmp3.pro).mp3",
    "tokyo drift": "F:\\Songs\\DJ\\Need_for_Speed_-_Tokyo_Drift_Do_O_(getmp3.pro).mp3",
    "get me out": "F:\\Songs\\DJ\\No_Resolve_-_Get_Me_Out_HD_(getmp3.pro).mp3",
    "silence": "F:\\Songs\\DJ\\Marshmello_-_Silence_Lyrics_ft_K_(getmp3.pro).mp3",
    "marshmellow": "F:\\Songs\\DJ\\marshmellow top-5.mp4",
    "collide": "F:\\Songs\\DJ\\Justine_Skye_-_Collide_ft_Tyga_(getmp3.pro).mp3",
    "kab tak mujhe tadpayegi": "F:\\Songs\\DJ\\Kab_Tak_Mujhe_Tadpayegi_X_Lambiyan_(getmp3.pro).mp3",
    "free fire x kshmr": "F:\\Songs\\DJ\\Live_Performance_Free_Fire_x_KSHMR_(getmp3.pro).mp3",
    "alone marsh mellow": "F:\\Songs\\DJ\\Marsh Mellow Alone.mp4",
    "whoopty": "F:\\Songs\\DJ\\ERS_-_Whoopty_Car_Video_(getmp3.pro).mp3",
    "fly": "F:\\Songs\\DJ\\Fly.mp3",
    "under your scars": "F:\\Songs\\DJ\\Godsmack_Under_Your_Scars_lyrics_(getmp3.pro).mp3",
    "magenta riddim": "F:\\Songs\\DJ\\DJ_Snake_-_Magenta_Riddim_(getmp3.pro).mp3",
    "danza kuduro": "F:\\Songs\\DJ\\Don_Omar_-_Danza_Kuduro_REMIX_L_(getmp3.pro).mp3",
    "invincible": "F:\\Songs\\DJ\\DEAF KEV - Invincible [NCS Release].mp3",
    "headlights": "F:\\Songs\\DJ\\Alok & Alan Walker - Headlights (feat. KIDDO) [Official Lyric Video].mp3",
    "underdog": "F:\\Songs\\DJ\\Ava_remix_Underdog_LYRICS_VID_(getmp3.pro).mp3",
    "copines": "F:\\Songs\\DJ\\Aya_Nakamura_-_Copines_Lyrics_(getmp3.pro).mp3",
    "dendelions": "F:\\Songs\\DJ\\Dandelions_X_Kaise_Hua_Dvj_Gr_(getmp3.pro).mp4",
    "lofi love": "F:\\Songs\\Hindi Song\\Lofi Lovee.mp3",
    "i wish": "F:\\Songs\\Hindi Song\\Arpit_Dayal_-_I_Wish_Official_Musi_(getmp3.pro).mp3",
    "khayaal": "f:\\songs\\hindi song\\mitraz - khayaal (official audio).mp3",
    "bezubaan phir se": "f:\\songs\\hindi song\\bezubaan phir se.mp3",
    "vigdiyan heeran": "f:\\songs\\hindi song\\vigdiyan heeran.mp3",
    "muskurahat": "f:\\songs\\hindi song\\mitraz - muskurahat  lyrical video  unied studios.mp3",
    "number": "f:\\songs\\hindi song\\number (zever).mp3",
    "hale dil": "f:\\songs\\hindi song\\hale dil tujhko sunata _ murder 2 _ harshit saxena _ full audio song (192).mp3",
    "on the floor": "f:\\songs\\dj\\kverz  on the floor brazilian phonk.mp3",
    "sparkle": "f:\\songs\\dj\\sparkle_your_name_amv_(getmp3.pro).mp3",
    "fighting sprint": "f:\\songs\\dj\\fighting spirit (naruto sad).mp3",
    "suzume": "f:\\songs\\dj\\radwimps - suzume (lyrics) ft. toaka.mp3",
    "grand escape": "f:\\songs\\dj\\grand escape.mp3",
    "van helsing": "f:\\songs\\dj\\van helsing soundtrack twellve reunited.mp3",
    "slay": "f:\\songs\\dj\\eternxlkz - slay!.mp3",
    "long funk": "f:\\songs\\dj\\funk.crdownload",
    "metamorphosis": "f:\\songs\\dj\\interworld - metamorphosis.mp3",
    "invasao": "f:\\songs\\dj\\montagem invas\u00e3o.mp3",
    "ultra funk": "f:\\songs\\dj\\masha ultrafunk (sped up).mp3",
    "i need you": "f:\\songs\\dj\\nightcore \u2192  i need you (lyrics).mp3",
    "dna": "f:\\songs\\dj\\dna.mp3",
    "da da da": "f:\\songs\\dj\\[da da da \u0434\u0430 \u0434\u0430 \u0434\u0430] jarico remix  vhwx remastered.mp3",
    "stone": "f:\\songs\\english song\\stone (oliver mccann).mp3",
    "deewana kar raha hai": "F:\\Songs\\fav\\Deewana Kar Raha Hai (slowed+reverb) #slowedandreverb #slowedreverb #slowed #lofi #hindisong #dj [zSk0xxMlffc].mp3",
    "har fun maula x money in the grave": "F:\\Songs\\fav\\Har Fun Maula X Money in the Grave Mashup ( Aprilwalayaar ) [CDeqwXRRsr0].opus",
    "har fun maula": "F:\\Songs\\fav\\Har Funn Maula Song 8D Audio \ud83c\udfa7\ud83d\udc96 [BYTynxfNT4o].opus",
    "hookah bar": "F:\\Songs\\fav\\HOOKAH BAR \uff5c\uff5c [ slow + reverb ] \uff5c\uff5c lofi slow [I4VYg7xuQQ8].mp3",
    "believer": "F:\\Songs\\fav\\Imagine Dragons - Believer song in ( 4000d) \uff5c 1000d \uff5c not \uff5c4000d only \uff5c Use headphones \ud83c\udfa7\ud83c\udfa7 [aRGAsaLDL74].opus",
    "pal ek pal": "F:\\Songs\\fav\\Pal Ek Pal (feat Sanjay S Yadav) - Morcon Baby.mp3",
    "pata chalgea": "F:\\Songs\\fav\\Pata Chalgea - Lofi(Slowed Reverbed) _ Lonely Square(MP3_70K).mp3",
    "rao sahab drill": "F:\\Songs\\fav\\Rao Sahab Drill {Slowed & Reverb} \uff5c\uff5c Vkey, Sdee \uff5c Shivani Yadav \uff5c\uff5c New Haryanvi Song [ipewSFwRG7A].mp3",
    "sanam re": "F:\\Songs\\fav\\Sanam Re Lofi (Lyrics) - Arijit Singh [rRKAJ6tLBSw].mp3",
    "senorita slow reversed": "F:\\Songs\\fav\\Se\u00f1orita(slowed and reverb) \uff5c shawn mendes & camila cabello \uff5c #slowed #reverb #edit #senorita \uff5c [268Ztc79ClM].mp3",
    "she don't know": "F:\\Songs\\fav\\She Don't Know [Slowed +Reverb] - Millind Gaba \uff5c Shabby \uff5c Chill with Beats \uff5c Textaudio [r99zPIn_lTE].opus",
    "tera mera safar": "F:\\Songs\\fav\\Tera Mera Safar Lofi Mix.mp3",
    "tere hawale": "F:\\Songs\\fav\\TERE HAWALE \uff5c (Slowed+Reverb) \uff5c Lofi is Pyar [CcoKjQK9QIA]_1.mp3",
    "tera liye": "F:\\Songs\\fav\\Tere Liye - (slowed + reverb) \uff5c Atif Aslam, \u200eShreya Ghoshal \uff5c @SilentLoFIMusic [zPqNpEkYDPU].mp3",
    "tere vaste falak": "F:\\Songs\\fav\\Tere Vaaste Falak ( Slowed + Reverb ) Lofi - Songs #slowedreverb #slowed #lofi #lofisongs [OcL9fylnHEA].mp3",
    "starboy": "F:\\Songs\\fav\\the weeknd - starboy (slowed + reverb) [NrSgWKx5l8w].mp3",
    "tum mile": "F:\\Songs\\fav\\Tum Mile (Lofi Flip) - KSW, Neeraj Shridhar, Pritam.mp3",
    "tumse bhi zhada": "F:\\Songs\\fav\\Tumse Bhi Zyada - Tadap.mp3",
    "we rollin": "F:\\Songs\\fav\\We Rollin [Slowed + Reverb] \uff5c SHUBH \uff5c Latest Trending \uff5c Punjabi Song \uff5c LOFI Partner [hr_Ta70_V1A].mp3",
    "wushang clan x ride it": "F:\\Songs\\fav\\WUSHANG CLAN X RIDE IT \uff5c\uff5c FULL VERSION EDIT AUDIO \uff5c\uff5c HQ \uff5c\uff5c SJ BOOSTS [lDXHs4u24Nw].mp3"

}