{
    "nakul rajput": "6264466042",
    "mine": "7648970319",
    "himanshu goyal": "7648970319",
    "prabhanshu tiwari": "9971212818",
    "suyank goyal": {
        "public": "9752801258",
        "private": "9479217629"
    },
    "shreya baghel": "9098231712",
    "lucky meena": "8000652512",
    "father": "9691249617",
    "shanker dutt goyal": "9691249617",
    "mother": "9826572094",
    "savita goyal": "9826572094",
    "nandini yadav": "9754466464",
    "ananya bhaskar": "9343512381",
    "aryan singh": "747156171",
    "minku": "747156171",
    "shivam goyal": "9294531766",
    "brother": "9294531766",
    "aman goyal": "77459 49511",
    "komal gupta": "6232469831",
    "tanu shrivastav": "9770038619",
    "aradhya sharma": "9926092316"
}